modelo,marca,combustivel,cambio,direcao,cor,ano,quilometragem,potenciamotor,blindado,valor
HYUNDAI HB20 COMF./C.PLUS/C.STYLE 1.0 FLEX 12V,HYUNDAI,Flex,Manual,Elétrica,Branco,2019,40250,1.0,0,51490.0
HYUNDAI HB20 COMF./C.PLUS/C.STYLE 1.0 FLEX 12V,HYUNDAI,Flex,Manual,Elétrica,Preto,2018,78000,1.0,0,46900.0
HYUNDAI HB20 COMF./C.PLUS/C.STYLE 1.0 FLEX 12V,HYUNDAI,Flex,Manual,Elétrica,Prata,2016,29000,1.0,0,43900.0
HYUNDAI HB20 COMF./C.PLUS/C.STYLE 1.0 FLEX 12V,HYUNDAI,Flex,Manual,Hidráulica,Prata,2019,59000,1.0,0,52890.0
HYUNDAI HB20 COMF./C.PLUS/C.STYLE 1.0 FLEX 12V,HYUNDAI,Flex,Manual,Hidráulica,Branco,2017,82345,1.0,0,43900.0
HYUNDAI HB20 COMF./C.PLUS/C.STYLE 1.0 FLEX 12V,HYUNDAI,Flex,Manual,Hidráulica,Branco,2017,59000,1.0,0,41000.0
HYUNDAI HB20 COMF./C.PLUS/C.STYLE 1.0 FLEX 12V,HYUNDAI,Flex,Manual,Elétrica,Preto,2016,92000,1.0,0,38700.0
HYUNDAI HB20 COMF./C.PLUS/C.STYLE 1.0 FLEX 12V,HYUNDAI,Flex,Manual,Hidráulica,Branco,2017,100000,1.0,0,32000.0
HYUNDAI HB20 COMF./C.PLUS/C.STYLE 1.0 FLEX 12V,HYUNDAI,Flex,Manual,Hidráulica,Azul,2015,95771,1.0,0,41900.0
HYUNDAI HB20 COMF./C.PLUS/C.STYLE 1.0 FLEX 12V,HYUNDAI,Flex,Manual,Hidráulica,Prata,2016,99500,1.0,0,37000.0
HYUNDAI HB20 COMF./C.PLUS/C.STYLE 1.0 FLEX 12V,HYUNDAI,Flex,Manual,Hidráulica,Prata,2015,101301,1.0,0,42400.0
HYUNDAI HB20 COMF./C.PLUS/C.STYLE 1.0 FLEX 12V,HYUNDAI,Flex,Manual,Hidráulica,Preto,2019,26117,1.0,0,52500.0
HYUNDAI HB20 COMF./C.PLUS/C.STYLE 1.0 FLEX 12V,HYUNDAI,Flex,Manual,Hidráulica,Prata,2018,63000,1.0,0,47900.0
HYUNDAI HB20 COMF./C.PLUS/C.STYLE 1.0 FLEX 12V,HYUNDAI,Flex,Manual,Hidráulica,Cinza,2017,75000,1.0,0,43900.0
HYUNDAI HB20 COMF./C.PLUS/C.STYLE 1.0 FLEX 12V,HYUNDAI,Flex,Manual,Hidráulica,Branco,2017,48000,1.0,0,41800.0
HYUNDAI HB20 COMF./C.PLUS/C.STYLE 1.0 FLEX 12V,HYUNDAI,Flex,Manual,Elétrica,Preto,2018,11000,1.0,0,51900.0
HYUNDAI HB20 COMF./C.PLUS/C.STYLE 1.0 FLEX 12V,HYUNDAI,Flex,Manual,Hidráulica,Branco,2019,38000,1.0,0,54990.0
HYUNDAI HB20 COMF./C.PLUS/C.STYLE 1.0 FLEX 12V,HYUNDAI,Flex,Manual,Hidráulica,Outra,2017,61000,1.0,0,41000.0
HYUNDAI HB20 COMF./C.PLUS/C.STYLE 1.0 FLEX 12V,HYUNDAI,Flex,Manual,Hidráulica,Branco,2018,42500,1.0,0,48000.0
HYUNDAI HB20 COMF./C.PLUS/C.STYLE 1.0 FLEX 12V,HYUNDAI,Flex,Manual,Hidráulica,Preto,2015,55175,1.0,0,40990.0
HYUNDAI HB20 COMF./C.PLUS/C.STYLE 1.0 FLEX 12V,HYUNDAI,Flex,Manual,Elétrica,Prata,2018,34800,1.0,0,47500.0
HYUNDAI HB20 COMF./C.PLUS/C.STYLE 1.0 FLEX 12V,HYUNDAI,Flex,Manual,Hidráulica,Prata,2016,100253,1.0,0,41900.0
HYUNDAI HB20 COMF./C.PLUS/C.STYLE 1.0 FLEX 12V,HYUNDAI,Flex,Manual,Hidráulica,Branco,2015,88896,1.0,0,36000.0
HYUNDAI HB20 COMF./C.PLUS/C.STYLE 1.0 FLEX 12V,HYUNDAI,Flex,Manual,Hidráulica,Preto,2018,100000,1.0,0,47000.0
HYUNDAI HB20 COMF./C.PLUS/C.STYLE 1.0 FLEX 12V,HYUNDAI,Flex,Manual,Hidráulica,Branco,2018,62000,1.0,0,45900.0
HYUNDAI HB20 COMF./C.PLUS/C.STYLE 1.0 FLEX 12V,HYUNDAI,Flex,Manual,Hidráulica,Preto,2017,76,1.0,0,41900.0
HYUNDAI HB20 COMF./C.PLUS/C.STYLE 1.0 FLEX 12V,HYUNDAI,Flex,Manual,Hidráulica,Outra,2016,54890,1.0,0,40990.0
HYUNDAI HB20 COMF./C.PLUS/C.STYLE 1.0 FLEX 12V,HYUNDAI,Flex,Manual,Elétrica,Branco,2015,86000,1.0,0,45900.0
HYUNDAI HB20 COMF./C.PLUS/C.STYLE 1.0 FLEX 12V,HYUNDAI,Flex,Manual,Hidráulica,Cinza,2016,49552,1.0,0,39500.0
HYUNDAI HB20 COMF./C.PLUS/C.STYLE 1.0 FLEX 12V,HYUNDAI,Flex,Manual,Hidráulica,Prata,2016,34000,1.0,0,43900.0
HYUNDAI HB20 COMF./C.PLUS/C.STYLE 1.0 FLEX 12V,HYUNDAI,Flex,Manual,Hidráulica,Prata,2019,13700,1.0,0,51900.0
HYUNDAI HB20 COMF./C.PLUS/C.STYLE 1.0 FLEX 12V,HYUNDAI,Flex,Manual,Hidráulica,Prata,2019,59000,1.0,0,54900.0
HYUNDAI HB20 COMF./C.PLUS/C.STYLE 1.0 FLEX 12V,HYUNDAI,Flex,Manual,Hidráulica,Prata,2019,13700,1.0,0,51900.0
HYUNDAI HB20 COMF./C.PLUS/C.STYLE 1.0 FLEX 12V,HYUNDAI,Flex,Manual,Hidráulica,Preto,2017,131294,1.0,0,46900.0
HYUNDAI HB20 COMF./C.PLUS/C.STYLE 1.0 FLEX 12V,HYUNDAI,Flex,Manual,Hidráulica,Preto,2016,61000,1.0,0,45900.0
HYUNDAI HB20 COMF./C.PLUS/C.STYLE 1.0 FLEX 12V,HYUNDAI,Flex,Manual,Hidráulica,Branco,2016,46788,1.0,0,40000.0
HYUNDAI HB20 COMF./C.PLUS/C.STYLE 1.0 FLEX 12V,HYUNDAI,Flex,Manual,Hidráulica,Preto,2019,24700,1.0,0,53500.0
HYUNDAI HB20 COMF./C.PLUS/C.STYLE 1.0 FLEX 12V,HYUNDAI,Flex,Manual,Hidráulica,Preto,2018,82000,1.0,0,42000.0
HYUNDAI HB20 COMF./C.PLUS/C.STYLE 1.0 FLEX 12V,HYUNDAI,Flex,Manual,Elétrica,Preto,2015,82163,1.0,0,40990.0
HYUNDAI HB20 COMF./C.PLUS/C.STYLE 1.0 FLEX 12V,HYUNDAI,Flex,Manual,Hidráulica,Prata,2016,68000,1.0,0,39000.0
HYUNDAI HB20 COMF./C.PLUS/C.STYLE 1.0 FLEX 12V,HYUNDAI,Flex,Manual,Hidráulica,Cinza,2017,49950,1.0,0,44890.0
HYUNDAI HB20 COMF./C.PLUS/C.STYLE 1.0 FLEX 12V,HYUNDAI,Flex,Manual,Hidráulica,Preto,2018,71000,1.0,0,47900.0
HYUNDAI HB20 COMF./C.PLUS/C.STYLE 1.0 FLEX 12V,HYUNDAI,Flex,Manual,Hidráulica,Cinza,2017,100000,1.0,0,45900.0
HYUNDAI HB20 COMF./C.PLUS/C.STYLE 1.0 FLEX 12V,HYUNDAI,Flex,Manual,Hidráulica,Cinza,2015,64000,1.0,0,35900.0
HYUNDAI HB20 COMF./C.PLUS/C.STYLE 1.0 FLEX 12V,HYUNDAI,Flex,Manual,Hidráulica,Preto,2015,59000,1.0,0,41500.0
HYUNDAI HB20 COMF./C.PLUS/C.STYLE 1.0 FLEX 12V,HYUNDAI,Flex,Manual,Elétrica,Preto,2018,36000,1.0,0,45900.0
HYUNDAI HB20 COMF./C.PLUS/C.STYLE 1.0 FLEX 12V,HYUNDAI,Flex,Manual,Elétrica,Prata,2016,82,1.0,0,44900.0
HYUNDAI HB20 COMF./C.PLUS/C.STYLE 1.0 FLEX 12V,HYUNDAI,Flex,Manual,Hidráulica,Preto,2015,120,1.0,0,39900.0
HYUNDAI HB20 COMF./C.PLUS/C.STYLE 1.0 FLEX 12V,HYUNDAI,Flex,Manual,Elétrica,Prata,2018,45000,1.0,0,49900.0
HYUNDAI HB20 COMF./C.PLUS/C.STYLE 1.0 FLEX 12V,HYUNDAI,Flex,Manual,Elétrica,Prata,2019,59000,1.0,0,55000.0
HYUNDAI HB20 COMF./C.PLUS/C.STYLE 1.0 FLEX 12V,HYUNDAI,Flex,Manual,Hidráulica,Branco,2017,22000,1.0,0,37900.0
HYUNDAI HB20 COMF./C.PLUS/C.STYLE 1.0 FLEX 12V,HYUNDAI,Flex,Manual,Elétrica,Prata,2017,92000,1.0,0,41900.0
HYUNDAI HB20 COMF./C.PLUS/C.STYLE 1.0 FLEX 12V,HYUNDAI,Flex,Manual,Elétrica,Preto,2018,42000,1.0,0,47990.0
HYUNDAI HB20 COMF./C.PLUS/C.STYLE 1.0 FLEX 12V,HYUNDAI,Flex,Manual,Elétrica,Prata,2017,77000,1.0,0,37000.0
HYUNDAI HB20 COMF./C.PLUS/C.STYLE 1.0 FLEX 12V,HYUNDAI,Flex,Manual,Hidráulica,Preto,2019,45000,1.0,0,46900.0
HYUNDAI HB20 COMF./C.PLUS/C.STYLE 1.0 FLEX 12V,HYUNDAI,Flex,Manual,Hidráulica,Branco,2015,104000,1.0,0,39900.0
HYUNDAI HB20 COMF./C.PLUS/C.STYLE 1.0 FLEX 12V,HYUNDAI,Flex,Manual,Elétrica,Prata,2019,40400,1.0,0,53000.0
HYUNDAI HB20 COMF./C.PLUS/C.STYLE 1.0 FLEX 12V,HYUNDAI,Flex,Manual,Elétrica,Cinza,2018,45000,1.0,0,47900.0
HYUNDAI HB20 COMF./C.PLUS/C.STYLE 1.0 FLEX 12V,HYUNDAI,Flex,Manual,Hidráulica,Branco,2015,88000,1.0,0,39000.0
HYUNDAI HB20 COMF./C.PLUS/C.STYLE 1.0 FLEX 12V,HYUNDAI,Flex,Manual,Hidráulica,Cinza,2016,65000,1.0,0,41900.0
HYUNDAI HB20 COMF./C.PLUS/C.STYLE 1.0 FLEX 12V,HYUNDAI,Flex,Manual,Hidráulica,Outra,2017,53000,1.0,0,44990.0
HYUNDAI HB20 COMF./C.PLUS/C.STYLE 1.0 FLEX 12V,HYUNDAI,Flex,Manual,Hidráulica,Preto,2016,110882,1.0,0,42900.0
HYUNDAI HB20 COMF./C.PLUS/C.STYLE 1.0 FLEX 12V,HYUNDAI,Flex,Manual,Hidráulica,Prata,2018,100,1.0,0,41000.0
HYUNDAI HB20 COMF./C.PLUS/C.STYLE 1.0 FLEX 12V,HYUNDAI,Flex,Manual,Elétrica,Cinza,2015,59000,1.0,0,41900.0
HYUNDAI HB20 COMF./C.PLUS/C.STYLE 1.0 FLEX 12V,HYUNDAI,Flex,Manual,Hidráulica,Preto,2017,111,1.0,0,45900.0
HYUNDAI HB20 COMF./C.PLUS/C.STYLE 1.0 FLEX 12V,HYUNDAI,Flex,Manual,Elétrica,Prata,2018,50653,1.0,0,50900.0
HYUNDAI HB20 COMF./C.PLUS/C.STYLE 1.0 FLEX 12V,HYUNDAI,Flex,Manual,Hidráulica,Branco,2015,67000,1.0,0,39900.0
HYUNDAI HB20 COMF./C.PLUS/C.STYLE 1.0 FLEX 12V,HYUNDAI,Flex,Manual,Hidráulica,Branco,2016,115000,1.0,0,45900.0
HYUNDAI HB20 COMF./C.PLUS/C.STYLE 1.0 FLEX 12V,HYUNDAI,Flex,Manual,Elétrica,Cinza,2019,28500,1.0,0,54990.0
HYUNDAI HB20 COMF./C.PLUS/C.STYLE 1.0 FLEX 12V,HYUNDAI,Flex,Manual,Elétrica,Cinza,2015,94000,1.0,0,40900.0
HYUNDAI HB20 COMF./C.PLUS/C.STYLE 1.0 FLEX 12V,HYUNDAI,Flex,Manual,Elétrica,Cinza,2015,69000,1.0,0,39890.0
HYUNDAI HB20 COMF./C.PLUS/C.STYLE 1.0 FLEX 12V,HYUNDAI,Flex,Manual,Elétrica,Branco,2016,70000,1.0,0,39900.0
HYUNDAI HB20 COMF./C.PLUS/C.STYLE 1.0 FLEX 12V,HYUNDAI,Flex,Manual,Hidráulica,Preto,2018,78000,1.0,0,47500.0
HYUNDAI HB20 COMF./C.PLUS/C.STYLE 1.0 FLEX 12V,HYUNDAI,Flex,Manual,Elétrica,Branco,2015,75000,1.0,0,39900.0
HYUNDAI HB20 COMF./C.PLUS/C.STYLE 1.0 FLEX 12V,HYUNDAI,Flex,Manual,Hidráulica,Preto,2015,92500,1.0,0,34900.0
HYUNDAI HB20 COMF./C.PLUS/C.STYLE 1.0 FLEX 12V,HYUNDAI,Flex,Manual,Hidráulica,Branco,2017,55000,1.0,0,44000.0
HYUNDAI HB20 COMF./C.PLUS/C.STYLE 1.0 FLEX 12V,HYUNDAI,Flex,Manual,Hidráulica,Branco,2016,33000,1.0,0,44900.0
HYUNDAI HB20 COMF./C.PLUS/C.STYLE 1.0 FLEX 12V,HYUNDAI,Flex,Manual,Hidráulica,Vermelho,2015,65000,1.0,0,41980.0
HYUNDAI HB20 COMF./C.PLUS/C.STYLE 1.0 FLEX 12V,HYUNDAI,Gasolina,Manual,Hidráulica,Prata,2018,16600,1.0,0,52000.0
HYUNDAI HB20 COMF./C.PLUS/C.STYLE 1.0 FLEX 12V,HYUNDAI,Flex,Manual,Hidráulica,Prata,2017,69000,1.0,0,46000.0
HYUNDAI HB20 COMF./C.PLUS/C.STYLE 1.0 FLEX 12V,HYUNDAI,Flex,Manual,Hidráulica,Cinza,2019,17000,1.0,0,52980.0
HYUNDAI HB20 COMF./C.PLUS/C.STYLE 1.0 FLEX 12V,HYUNDAI,Flex,Manual,Hidráulica,Branco,2017,78000,1.0,0,43999.0
HYUNDAI HB20 COMF./C.PLUS/C.STYLE 1.0 FLEX 12V,HYUNDAI,Flex,Manual,Hidráulica,Preto,2017,69973,1.0,0,48400.0
HYUNDAI HB20 COMF./C.PLUS/C.STYLE 1.0 FLEX 12V,HYUNDAI,Flex,Manual,Hidráulica,Prata,2019,20000,1.0,0,54500.0
HYUNDAI HB20 COMF./C.PLUS/C.STYLE 1.0 FLEX 12V,HYUNDAI,Flex,Manual,Elétrica,Preto,2017,74400,1.0,0,41990.0
HYUNDAI HB20 COMF./C.PLUS/C.STYLE 1.0 FLEX 12V,HYUNDAI,Flex,Manual,Elétrica,Prata,2018,77000,1.0,0,46000.0
HYUNDAI HB20 COMF./C.PLUS/C.STYLE 1.0 FLEX 12V,HYUNDAI,Flex,Manual,Elétrica,Preto,2017,65000,1.0,0,44000.0
HYUNDAI HB20 COMF./C.PLUS/C.STYLE 1.0 FLEX 12V,HYUNDAI,Flex,Manual,Hidráulica,Preto,2016,83000,1.0,0,38300.0
HYUNDAI HB20 COMF./C.PLUS/C.STYLE 1.0 FLEX 12V,HYUNDAI,Flex,Manual,Hidráulica,Branco,2017,64000,1.0,0,45890.0
HYUNDAI HB20 COMF./C.PLUS/C.STYLE 1.0 FLEX 12V,HYUNDAI,Flex,Manual,Hidráulica,Branco,2018,78000,1.0,0,44000.0
HYUNDAI HB20 COMF./C.PLUS/C.STYLE 1.0 FLEX 12V,HYUNDAI,Flex,Manual,Elétrica,Prata,2018,26000,1.0,0,44000.0
HYUNDAI HB20 COMF./C.PLUS/C.STYLE 1.0 FLEX 12V,HYUNDAI,Flex,Manual,Elétrica,Prata,2017,77000,1.0,0,48900.0
HYUNDAI HB20 COMF./C.PLUS/C.STYLE 1.0 FLEX 12V,HYUNDAI,Flex,Manual,Hidráulica,Branco,2015,65000,1.0,0,42000.0
HYUNDAI HB20 COMF./C.PLUS/C.STYLE 1.0 FLEX 12V,HYUNDAI,Flex,Manual,Elétrica,Branco,2017,48000,1.0,0,46900.0
HYUNDAI HB20 COMF./C.PLUS/C.STYLE 1.0 FLEX 12V,HYUNDAI,Flex,Manual,Hidráulica,Branco,2015,67000,1.0,0,44900.0
HYUNDAI HB20 COMF./C.PLUS/C.STYLE 1.0 FLEX 12V,HYUNDAI,Flex,Manual,Hidráulica,Azul,2015,72000,1.0,0,39000.0
HYUNDAI HB20 COMF./C.PLUS/C.STYLE 1.0 FLEX 12V,HYUNDAI,Flex,Manual,Hidráulica,Preto,2018,81500,1.0,0,43000.0
HYUNDAI HB20 COMF./C.PLUS/C.STYLE 1.0 FLEX 12V,HYUNDAI,Flex,Manual,Hidráulica,Branco,2017,60000,1.0,0,46990.0
HYUNDAI HB20 COMF./C.PLUS/C.STYLE 1.0 FLEX 12V,HYUNDAI,Flex,Manual,Elétrica,Branco,2015,73338,1.0,0,38900.0
HYUNDAI HB20 COMF./C.PLUS/C.STYLE 1.0 FLEX 12V,HYUNDAI,Flex,Manual,Hidráulica,Outra,2018,92921,1.0,0,45850.0
HYUNDAI HB20 COMF./C.PLUS/C.STYLE 1.0 FLEX 12V,HYUNDAI,Flex,Manual,Hidráulica,Prata,2018,61503,1.0,0,44350.0
HYUNDAI HB20 COMF./C.PLUS/C.STYLE 1.0 FLEX 12V,HYUNDAI,Flex,Manual,Hidráulica,Branco,2017,50541,1.0,0,43000.0
HYUNDAI HB20 COMF./C.PLUS/C.STYLE 1.0 FLEX 12V,HYUNDAI,Flex,Manual,Elétrica,Branco,2019,34042,1.0,0,52900.0
HYUNDAI HB20 COMF./C.PLUS/C.STYLE 1.0 FLEX 12V,HYUNDAI,Flex,Manual,Hidráulica,Prata,2016,84400,1.0,0,35000.0
HYUNDAI HB20 COMF./C.PLUS/C.STYLE 1.0 FLEX 12V,HYUNDAI,Flex,Manual,Elétrica,Prata,2019,58000,1.0,0,51790.0
HYUNDAI HB20 COMF./C.PLUS/C.STYLE 1.0 FLEX 12V,HYUNDAI,Flex,Manual,Elétrica,Prata,2017,41700,1.0,0,41900.0
HYUNDAI HB20 COMF./C.PLUS/C.STYLE 1.0 FLEX 12V,HYUNDAI,Flex,Manual,Hidráulica,Branco,2017,117000,1.0,0,39000.0
HYUNDAI HB20 COMF./C.PLUS/C.STYLE 1.0 FLEX 12V,HYUNDAI,Flex,Manual,Hidráulica,Preto,2017,39000,1.0,0,51150.0
HYUNDAI HB20 COMF./C.PLUS/C.STYLE 1.0 FLEX 12V,HYUNDAI,Flex,Manual,Hidráulica,Preto,2017,12000,1.0,0,46000.0
HYUNDAI HB20 COMF./C.PLUS/C.STYLE 1.0 FLEX 12V,HYUNDAI,Flex,Manual,Elétrica,Branco,2016,82183,1.0,0,42800.0
HYUNDAI HB20 COMF./C.PLUS/C.STYLE 1.0 FLEX 12V,HYUNDAI,Flex,Manual,Elétrica,Preto,2017,30000,1.0,0,43300.0
HYUNDAI HB20 COMF./C.PLUS/C.STYLE 1.0 FLEX 12V,HYUNDAI,Flex,Manual,Hidráulica,Preto,2018,45000,1.0,0,47900.0
HYUNDAI HB20 COMF./C.PLUS/C.STYLE 1.0 FLEX 12V,HYUNDAI,Flex,Manual,Hidráulica,Prata,2015,73000,1.0,0,43900.0
HYUNDAI HB20 COMF./C.PLUS/C.STYLE 1.0 FLEX 12V,HYUNDAI,Flex,Manual,Hidráulica,Prata,2018,55000,1.0,0,45890.0
HYUNDAI HB20 COMF./C.PLUS/C.STYLE 1.0 FLEX 12V,HYUNDAI,Flex,Manual,Hidráulica,Cinza,2016,59000,1.0,0,43500.0
HYUNDAI HB20 COMF./C.PLUS/C.STYLE 1.0 FLEX 12V,HYUNDAI,Flex,Manual,Elétrica,Branco,2016,71000,1.0,0,45900.0
HYUNDAI HB20 COMF./C.PLUS/C.STYLE 1.0 FLEX 12V,HYUNDAI,Flex,Manual,Hidráulica,Preto,2016,26000,1.0,0,44900.0
HYUNDAI HB20 COMF./C.PLUS/C.STYLE 1.0 FLEX 12V,HYUNDAI,Flex,Manual,Elétrica,Branco,2018,120000,1.0,0,46900.0
HYUNDAI HB20 COMF./C.PLUS/C.STYLE 1.0 FLEX 12V,HYUNDAI,Flex,Manual,Hidráulica,Preto,2016,73000,1.0,0,45900.0
HYUNDAI HB20 COMF./C.PLUS/C.STYLE 1.0 FLEX 12V,HYUNDAI,Flex,Manual,Hidráulica,Preto,2017,54000,1.0,0,43900.0
HYUNDAI HB20 COMF./C.PLUS/C.STYLE 1.0 FLEX 12V,HYUNDAI,Flex,Manual,Hidráulica,Prata,2017,65000,1.0,0,43990.0
HYUNDAI HB20 COMF./C.PLUS/C.STYLE 1.0 FLEX 12V,HYUNDAI,Flex,Manual,Elétrica,Prata,2016,71000,1.0,0,38000.0
HYUNDAI HB20 COMF./C.PLUS/C.STYLE 1.0 FLEX 12V,HYUNDAI,Flex,Manual,Hidráulica,Azul,2015,69562,1.0,0,39900.0
HYUNDAI HB20 COMF./C.PLUS/C.STYLE 1.0 FLEX 12V,HYUNDAI,Flex,Manual,Hidráulica,Preto,2015,99800,1.0,0,37900.0
HYUNDAI HB20 COMF./C.PLUS/C.STYLE 1.0 FLEX 12V,HYUNDAI,Flex,Manual,Hidráulica,Prata,2016,86136,1.0,0,37800.0
HYUNDAI HB20 COMF./C.PLUS/C.STYLE 1.0 FLEX 12V,HYUNDAI,Flex,Manual,Hidráulica,Branco,2016,57000,1.0,0,44990.0
HYUNDAI HB20 COMF./C.PLUS/C.STYLE 1.0 FLEX 12V,HYUNDAI,Flex,Manual,Hidráulica,Outra,2017,61000,1.0,0,40175.0
HYUNDAI HB20 COMF./C.PLUS/C.STYLE 1.0 FLEX 12V,HYUNDAI,Flex,Manual,Hidráulica,Prata,2019,35000,1.0,0,49000.0
HYUNDAI HB20 COMF./C.PLUS/C.STYLE 1.0 FLEX 12V,HYUNDAI,Flex,Manual,Hidráulica,Prata,2015,55000,1.0,0,42888.0
HYUNDAI HB20 COMF./C.PLUS/C.STYLE 1.0 FLEX 12V,HYUNDAI,Flex,Manual,Hidráulica,Cinza,2015,97000,1.6,0,42990.0
HYUNDAI HB20 COMF./C.PLUS/C.STYLE 1.0 FLEX 12V,HYUNDAI,Flex,Manual,Hidráulica,Branco,2017,33356,1.0,0,43741.0
HYUNDAI HB20 COMF./C.PLUS/C.STYLE 1.0 FLEX 12V,HYUNDAI,Flex,Manual,Hidráulica,Prata,2016,25050,1.0,0,43000.0
HYUNDAI HB20 COMF./C.PLUS/C.STYLE 1.0 FLEX 12V,HYUNDAI,Flex,Manual,Hidráulica,Prata,2019,60000,1.0,0,53800.0
HYUNDAI HB20 COMF./C.PLUS/C.STYLE 1.0 FLEX 12V,HYUNDAI,Flex,Manual,Elétrica,Cinza,2019,100000,1.0,0,49000.0
HYUNDAI HB20 COMF./C.PLUS/C.STYLE 1.0 FLEX 12V,HYUNDAI,Flex,Manual,Hidráulica,Prata,2019,35988,1.0,0,52900.0
HYUNDAI HB20 COMF./C.PLUS/C.STYLE 1.0 FLEX 12V,HYUNDAI,Flex,Manual,Hidráulica,Branco,2016,79000,1.0,0,41999.0
HYUNDAI HB20 COMF./C.PLUS/C.STYLE 1.0 FLEX 12V,HYUNDAI,Flex,Manual,Hidráulica,Cinza,2017,53000,1.0,0,45900.0
HYUNDAI HB20 COMF./C.PLUS/C.STYLE 1.0 FLEX 12V,HYUNDAI,Flex,Manual,Elétrica,Preto,2015,55000,1.0,0,39900.0
HYUNDAI HB20 COMF./C.PLUS/C.STYLE 1.0 FLEX 12V,HYUNDAI,Flex,Manual,Hidráulica,Cinza,2017,24400,1.0,0,46990.0
HYUNDAI HB20 COMF./C.PLUS/C.STYLE 1.0 FLEX 12V,HYUNDAI,Flex,Manual,Elétrica,Prata,2017,38500,1.0,0,46900.0
HYUNDAI HB20 COMF./C.PLUS/C.STYLE 1.0 FLEX 12V,HYUNDAI,Flex,Manual,Elétrica,Prata,2018,15800,1.0,0,50000.0
HYUNDAI HB20 COMF./C.PLUS/C.STYLE 1.0 FLEX 12V,HYUNDAI,Flex,Manual,Hidráulica,Cinza,2018,109000,1.0,0,44900.0
HYUNDAI HB20 COMF./C.PLUS/C.STYLE 1.0 FLEX 12V,HYUNDAI,Flex,Manual,Hidráulica,Cinza,2018,80000,1.0,0,47500.0
HYUNDAI HB20 COMF./C.PLUS/C.STYLE 1.0 FLEX 12V,HYUNDAI,Flex,Manual,Hidráulica,Prata,2017,69000,1.0,0,45500.0
HYUNDAI HB20 COMF./C.PLUS/C.STYLE 1.0 FLEX 12V,HYUNDAI,Flex,Manual,Elétrica,Prata,2017,67000,1.0,0,46900.0
HYUNDAI HB20 COMF./C.PLUS/C.STYLE 1.0 FLEX 12V,HYUNDAI,Flex,Manual,Hidráulica,Cinza,2016,102206,1.0,0,39000.0
HYUNDAI HB20 COMF./C.PLUS/C.STYLE 1.0 FLEX 12V,HYUNDAI,Flex,Manual,Hidráulica,Branco,2015,85000,1.0,0,39900.0
HYUNDAI HB20 COMF./C.PLUS/C.STYLE 1.0 FLEX 12V,HYUNDAI,Flex,Manual,Hidráulica,Branco,2015,88500,1.0,0,40000.0
HYUNDAI HB20 COMF./C.PLUS/C.STYLE 1.0 FLEX 12V,HYUNDAI,Flex,Manual,Hidráulica,Preto,2015,113000,1.0,0,39500.0
HYUNDAI HB20 COMF./C.PLUS/C.STYLE 1.0 FLEX 12V,HYUNDAI,Flex,Manual,Elétrica,Prata,2017,61795,1.0,0,45900.0
HYUNDAI HB20 COMF./C.PLUS/C.STYLE 1.0 FLEX 12V,HYUNDAI,Flex,Manual,Elétrica,Branco,2015,60500,1.0,0,40990.0
HYUNDAI HB20 COMF./C.PLUS/C.STYLE 1.0 FLEX 12V,HYUNDAI,Flex,Manual,Hidráulica,Cinza,2019,43869,1.0,0,50490.0
HYUNDAI HB20 COMF./C.PLUS/C.STYLE 1.0 FLEX 12V,HYUNDAI,Flex,Manual,Hidráulica,Branco,2015,86485,1.0,0,36000.0
HYUNDAI HB20 COMF./C.PLUS/C.STYLE 1.0 FLEX 12V,HYUNDAI,Flex,Manual,Hidráulica,Branco,2015,97000,1.0,0,42900.0
HYUNDAI HB20 COMF./C.PLUS/C.STYLE 1.0 FLEX 12V,HYUNDAI,Flex,Manual,Hidráulica,Preto,2018,10350,1.0,0,50000.0
HYUNDAI HB20 COMF./C.PLUS/C.STYLE 1.0 FLEX 12V,HYUNDAI,Flex,Manual,Hidráulica,Prata,2019,30600,1.0,0,50000.0
HYUNDAI HB20 COMF./C.PLUS/C.STYLE 1.0 FLEX 12V,HYUNDAI,Flex,Manual,Elétrica,Branco,2018,41000,1.0,0,48900.0
HYUNDAI HB20 COMF./C.PLUS/C.STYLE 1.0 FLEX 12V,HYUNDAI,Flex,Manual,Hidráulica,Prata,2018,52069,1.0,0,48900.0
HYUNDAI HB20 COMF./C.PLUS/C.STYLE 1.0 FLEX 12V,HYUNDAI,Flex,Manual,Hidráulica,Preto,2018,69900,1.0,0,50000.0
HYUNDAI HB20 COMF./C.PLUS/C.STYLE 1.0 FLEX 12V,HYUNDAI,Flex,Manual,Elétrica,Preto,2019,27000,1.0,0,51900.0
HYUNDAI HB20 COMF./C.PLUS/C.STYLE 1.0 FLEX 12V,HYUNDAI,Flex,Manual,Hidráulica,Branco,2015,31300,1.0,0,39990.0
HYUNDAI HB20 COMF./C.PLUS/C.STYLE 1.0 FLEX 12V,HYUNDAI,Flex,Manual,Elétrica,Azul,2018,22000,1.0,0,45900.0
HYUNDAI HB20 COMF./C.PLUS/C.STYLE 1.0 FLEX 12V,HYUNDAI,Flex,Manual,Hidráulica,Branco,2019,45000,1.0,0,48990.0
HYUNDAI HB20 COMF./C.PLUS/C.STYLE 1.0 FLEX 12V,HYUNDAI,Flex,Manual,Elétrica,Branco,2016,77900,1.0,0,42900.0
HYUNDAI HB20 COMF./C.PLUS/C.STYLE 1.0 FLEX 12V,HYUNDAI,Flex,Manual,Elétrica,Prata,2017,43000,1.0,0,44790.0
HYUNDAI HB20 COMF./C.PLUS/C.STYLE 1.0 FLEX 12V,HYUNDAI,Flex,Manual,Hidráulica,Preto,2017,88243,1.0,0,45990.0
HYUNDAI HB20 COMF./C.PLUS/C.STYLE 1.0 FLEX 12V,HYUNDAI,Flex,Manual,Hidráulica,Preto,2017,74000,1.0,0,43800.0
HYUNDAI HB20 COMF./C.PLUS/C.STYLE 1.0 FLEX 12V,HYUNDAI,Flex,Manual,Elétrica,Branco,2017,76000,1.0,0,49000.0
HYUNDAI HB20 COMF./C.PLUS/C.STYLE 1.0 FLEX 12V,HYUNDAI,Flex,Manual,Hidráulica,Vermelho,2015,90123,1.0,0,39000.0
HYUNDAI HB20 COMF./C.PLUS/C.STYLE 1.0 FLEX 12V,HYUNDAI,Flex,Manual,Hidráulica,Branco,2016,79000,1.0,0,40000.0
HYUNDAI HB20 COMF./C.PLUS/C.STYLE 1.0 FLEX 12V,HYUNDAI,Flex,Manual,Hidráulica,Prata,2018,48793,1.0,0,51900.0
HYUNDAI HB20 COMF./C.PLUS/C.STYLE 1.0 FLEX 12V,HYUNDAI,Flex,Manual,Elétrica,Branco,2018,30445,1.0,0,51900.0
HYUNDAI HB20 COMF./C.PLUS/C.STYLE 1.0 FLEX 12V,HYUNDAI,Flex,Manual,Hidráulica,Azul,2016,96000,1.0,0,36000.0
HYUNDAI HB20 COMF./C.PLUS/C.STYLE 1.0 FLEX 12V,HYUNDAI,Flex,Manual,Hidráulica,Branco,2016,59000,1.0,0,46500.0
HYUNDAI HB20 COMF./C.PLUS/C.STYLE 1.0 FLEX 12V,HYUNDAI,Flex,Manual,Hidráulica,Branco,2017,55,1.0,0,44000.0
HYUNDAI HB20 COMF./C.PLUS/C.STYLE 1.0 FLEX 12V,HYUNDAI,Flex,Manual,Elétrica,Prata,2015,57000,1.0,0,41500.0
HYUNDAI HB20 COMF./C.PLUS/C.STYLE 1.0 FLEX 12V,HYUNDAI,Flex,Manual,Hidráulica,Vermelho,2015,52000,1.0,0,39000.0
HYUNDAI HB20 COMF./C.PLUS/C.STYLE 1.0 FLEX 12V,HYUNDAI,Flex,Manual,Hidráulica,Preto,2015,116906,1.0,0,33000.0
HYUNDAI HB20 COMF./C.PLUS/C.STYLE 1.0 FLEX 12V,HYUNDAI,Flex,Manual,Elétrica,Cinza,2019,24158,1.0,0,53700.0
HYUNDAI HB20 COMF./C.PLUS/C.STYLE 1.0 FLEX 12V,HYUNDAI,Flex,Manual,Hidráulica,Cinza,2019,65400,1.0,0,50000.0
HYUNDAI HB20 COMF./C.PLUS/C.STYLE 1.0 FLEX 12V,HYUNDAI,Flex,Manual,Elétrica,Prata,2016,129750,1.0,0,44900.0
HYUNDAI HB20 COMF./C.PLUS/C.STYLE 1.0 FLEX 12V,HYUNDAI,Flex,Manual,Elétrica,Branco,2015,83000,1.0,0,39000.0
HYUNDAI HB20 COMF./C.PLUS/C.STYLE 1.0 FLEX 12V,HYUNDAI,Flex,Manual,Elétrica,Branco,2015,89000,1.0,0,40000.0
HYUNDAI HB20 COMF./C.PLUS/C.STYLE 1.0 FLEX 12V,HYUNDAI,Flex,Manual,Hidráulica,Preto,2017,86000,1.0,0,45000.0
HYUNDAI HB20 COMF./C.PLUS/C.STYLE 1.0 FLEX 12V,HYUNDAI,Flex,Manual,Elétrica,Prata,2019,13700,1.0,0,54900.0
HYUNDAI HB20 COMF./C.PLUS/C.STYLE 1.0 FLEX 12V,HYUNDAI,Flex,Manual,Hidráulica,Branco,2015,43000,1.0,0,48990.0
HYUNDAI HB20 COMF./C.PLUS/C.STYLE 1.0 FLEX 12V,HYUNDAI,Flex,Manual,Hidráulica,Prata,2019,19100,1.0,0,52500.0
HYUNDAI HB20 COMF./C.PLUS/C.STYLE 1.0 FLEX 12V,HYUNDAI,Flex,Manual,Hidráulica,Branco,2017,29980,1.0,0,45900.0
HYUNDAI HB20 COMF./C.PLUS/C.STYLE 1.0 FLEX 12V,HYUNDAI,Flex,Manual,Elétrica,Preto,2017,64000,1.0,0,43990.0
HYUNDAI HB20 COMF./C.PLUS/C.STYLE 1.0 FLEX 12V,HYUNDAI,Flex,Manual,Elétrica,Preto,2019,16270,1.0,0,54900.0
HYUNDAI HB20 COMF./C.PLUS/C.STYLE 1.0 FLEX 12V,HYUNDAI,Flex,Manual,Hidráulica,Prata,2019,35000,1.0,0,50900.0
HYUNDAI HB20 COMF./C.PLUS/C.STYLE 1.0 FLEX 12V,HYUNDAI,Flex,Manual,Elétrica,Branco,2016,57000,1.0,0,38700.0
HYUNDAI HB20 COMF./C.PLUS/C.STYLE 1.0 FLEX 12V,HYUNDAI,Flex,Manual,Hidráulica,Preto,2015,21717,1.0,0,41900.0
HYUNDAI HB20 COMF./C.PLUS/C.STYLE 1.0 FLEX 12V,HYUNDAI,Flex,Manual,Hidráulica,Prata,2019,35000,1.0,0,50900.0
HYUNDAI HB20 COMF./C.PLUS/C.STYLE 1.0 FLEX 12V,HYUNDAI,Flex,Automático,Hidráulica,Preto,2015,123000,1.6,0,45500.0
HYUNDAI HB20 COMF./C.PLUS/C.STYLE 1.0 FLEX 12V,HYUNDAI,Flex,Manual,Elétrica,Cinza,2015,38000,1.0,0,42500.0
HYUNDAI HB20 COMF./C.PLUS/C.STYLE 1.0 FLEX 12V,HYUNDAI,Flex,Manual,Hidráulica,Preto,2015,55100,1.0,0,40000.0
HYUNDAI HB20 COMF./C.PLUS/C.STYLE 1.0 FLEX 12V,HYUNDAI,Flex,Manual,Hidráulica,Cinza,2015,38500,1.0,0,39000.0
HYUNDAI HB20 COMF./C.PLUS/C.STYLE 1.0 FLEX 12V,HYUNDAI,Flex,Manual,Elétrica,Branco,2019,30000,1.0,0,54890.0
HYUNDAI HB20 COMF./C.PLUS/C.STYLE 1.0 FLEX 12V,HYUNDAI,Flex,Manual,Hidráulica,Branco,2018,27000,1.0,0,46900.0
HYUNDAI HB20 COMF./C.PLUS/C.STYLE 1.0 FLEX 12V,HYUNDAI,Flex,Manual,Elétrica,Prata,2017,46000,1.0,0,39000.0
HYUNDAI HB20 COMF./C.PLUS/C.STYLE 1.0 FLEX 12V,HYUNDAI,Flex,Manual,Hidráulica,Branco,2015,69000,1.0,0,42900.0
HYUNDAI HB20 COMF./C.PLUS/C.STYLE 1.0 FLEX 12V,HYUNDAI,Flex,Manual,Hidráulica,Branco,2015,80000,1.0,0,32000.0
HYUNDAI HB20 COMF./C.PLUS/C.STYLE 1.0 FLEX 12V,HYUNDAI,Flex,Manual,Elétrica,Prata,2018,52000,1.0,0,46900.0
HYUNDAI HB20 COMF./C.PLUS/C.STYLE 1.0 FLEX 12V,HYUNDAI,Flex,Manual,Hidráulica,Vermelho,2015,51000,1.0,0,42900.0
HYUNDAI HB20 COMF./C.PLUS/C.STYLE 1.0 FLEX 12V,HYUNDAI,Flex,Manual,Hidráulica,Branco,2016,51000,1.0,0,45000.0
HYUNDAI HB20 COMF./C.PLUS/C.STYLE 1.0 FLEX 12V,HYUNDAI,Flex,Manual,Elétrica,Branco,2015,78000,1.0,0,41900.0
HYUNDAI HB20 COMF./C.PLUS/C.STYLE 1.0 FLEX 12V,HYUNDAI,Flex,Manual,Hidráulica,Branco,2019,19000,1.0,0,54000.0
HYUNDAI HB20 COMF./C.PLUS/C.STYLE 1.0 FLEX 12V,HYUNDAI,Flex,Manual,Hidráulica,Cinza,2017,77000,1.0,0,45900.0
HYUNDAI HB20 COMF./C.PLUS/C.STYLE 1.0 FLEX 12V,HYUNDAI,Flex,Manual,Elétrica,Branco,2017,23000,1.0,0,48900.0
HYUNDAI HB20 COMF./C.PLUS/C.STYLE 1.0 FLEX 12V,HYUNDAI,Flex,Manual,Hidráulica,Branco,2017,68800,1.0,0,45000.0
HYUNDAI HB20 COMF./C.PLUS/C.STYLE 1.0 FLEX 12V,HYUNDAI,Flex,Manual,Hidráulica,Branco,2019,35000,1.0,0,47000.0
HYUNDAI HB20 COMF./C.PLUS/C.STYLE 1.0 FLEX 12V,HYUNDAI,Flex,Manual,Hidráulica,Cinza,2017,72100,1.0,0,43900.0
HYUNDAI HB20 COMF./C.PLUS/C.STYLE 1.0 FLEX 12V,HYUNDAI,Flex,Manual,Hidráulica,Preto,2015,61,1.0,0,36500.0
HYUNDAI HB20 COMF./C.PLUS/C.STYLE 1.0 FLEX 12V,HYUNDAI,Flex,Manual,Hidráulica,Outra,2018,51000,1.0,0,47900.0
HYUNDAI HB20 COMF./C.PLUS/C.STYLE 1.0 FLEX 12V,HYUNDAI,Flex,Manual,Hidráulica,Azul,2015,77000,1.0,0,45900.0
HYUNDAI HB20 COMF./C.PLUS/C.STYLE 1.0 FLEX 12V,HYUNDAI,Flex,Manual,Hidráulica,Branco,2018,42500,1.0,0,47500.0
HYUNDAI HB20 COMF./C.PLUS/C.STYLE 1.0 FLEX 12V,HYUNDAI,Flex,Manual,Hidráulica,Branco,2017,115000,1.0,0,37900.0
HYUNDAI HB20 COMF./C.PLUS/C.STYLE 1.0 FLEX 12V,HYUNDAI,Flex,Manual,Elétrica,Branco,2018,99000,1.0,0,46490.0
HYUNDAI HB20 COMF./C.PLUS/C.STYLE 1.0 FLEX 12V,HYUNDAI,Flex,Manual,Elétrica,Branco,2015,64000,1.0,0,43000.0
HYUNDAI HB20 COMF./C.PLUS/C.STYLE 1.0 FLEX 12V,HYUNDAI,Flex,Manual,Hidráulica,Branco,2015,56000,1.0,0,43900.0
HYUNDAI HB20 COMF./C.PLUS/C.STYLE 1.0 FLEX 12V,HYUNDAI,Flex,Manual,Hidráulica,Preto,2017,50000,1.0,0,44890.0
HYUNDAI HB20 COMF./C.PLUS/C.STYLE 1.0 FLEX 12V,HYUNDAI,Flex,Manual,Hidráulica,Branco,2015,106000,1.0,0,44900.0
HYUNDAI HB20 COMF./C.PLUS/C.STYLE 1.0 FLEX 12V,HYUNDAI,Flex,Manual,Hidráulica,Prata,2019,11435,1.0,0,54999.0
HYUNDAI HB20 COMF./C.PLUS/C.STYLE 1.0 FLEX 12V,HYUNDAI,Flex,Manual,Hidráulica,Prata,2018,51310,1.0,0,49900.0
HYUNDAI HB20 COMF./C.PLUS/C.STYLE 1.0 FLEX 12V,HYUNDAI,Flex,Manual,Elétrica,Preto,2018,38547,1.0,0,48500.0
HYUNDAI HB20 COMF./C.PLUS/C.STYLE 1.0 FLEX 12V,HYUNDAI,Flex,Manual,Hidráulica,Preto,2018,22000,1.0,0,49990.0
HYUNDAI HB20 COMF./C.PLUS/C.STYLE 1.0 FLEX 12V,HYUNDAI,Flex,Manual,Elétrica,Preto,2015,120000,1.0,0,38990.0
HYUNDAI HB20 COMF./C.PLUS/C.STYLE 1.0 FLEX 12V,HYUNDAI,Flex,Manual,Hidráulica,Prata,2019,26900,1.0,0,57000.0
HYUNDAI HB20 COMF./C.PLUS/C.STYLE 1.0 FLEX 12V,HYUNDAI,Flex,Manual,Elétrica,Branco,2018,81292,1.0,0,47900.0
HYUNDAI HB20 COMF./C.PLUS/C.STYLE 1.0 FLEX 12V,HYUNDAI,Flex,Manual,Hidráulica,Cinza,2018,47000,1.0,0,48990.0
HYUNDAI HB20 COMF./C.PLUS/C.STYLE 1.0 FLEX 12V,HYUNDAI,Flex,Manual,Hidráulica,Branco,2015,31300,1.0,0,39900.0
HYUNDAI HB20 COMF./C.PLUS/C.STYLE 1.0 FLEX 12V,HYUNDAI,Flex,Manual,Elétrica,Branco,2017,78500,1.0,0,47900.0
HYUNDAI HB20 COMF./C.PLUS/C.STYLE 1.0 FLEX 12V,HYUNDAI,Flex,Manual,Hidráulica,Vermelho,2015,68900,1.0,0,38000.0
HYUNDAI HB20 COMF./C.PLUS/C.STYLE 1.0 FLEX 12V,HYUNDAI,Flex,Manual,Hidráulica,Preto,2019,29485,1.0,0,50990.0
HYUNDAI HB20 COMF./C.PLUS/C.STYLE 1.0 FLEX 12V,HYUNDAI,Flex,Manual,Hidráulica,Preto,2015,74,1.0,0,42000.0
HYUNDAI HB20 COMF./C.PLUS/C.STYLE 1.0 FLEX 12V,HYUNDAI,Flex,Manual,Hidráulica,Preto,2017,39000,1.0,0,48800.0
HYUNDAI HB20 COMF./C.PLUS/C.STYLE 1.0 FLEX 12V,HYUNDAI,Flex,Manual,Hidráulica,Prata,2018,50300,1.0,0,43000.0
HYUNDAI HB20 COMF./C.PLUS/C.STYLE 1.0 FLEX 12V,HYUNDAI,Flex,Manual,Hidráulica,Preto,2015,71689,1.0,0,42000.0
HYUNDAI HB20 COMF./C.PLUS/C.STYLE 1.0 FLEX 12V,HYUNDAI,Flex,Manual,Hidráulica,Vermelho,2015,75000,1.0,0,35500.0
HYUNDAI HB20 COMF./C.PLUS/C.STYLE 1.0 FLEX 12V,HYUNDAI,Flex,Manual,Hidráulica,Prata,2018,67000,1.0,0,51900.0
HYUNDAI HB20 COMF./C.PLUS/C.STYLE 1.0 FLEX 12V,HYUNDAI,Flex,Manual,Hidráulica,Branco,2015,30058,1.0,0,42900.0
HYUNDAI HB20 COMF./C.PLUS/C.STYLE 1.0 FLEX 12V,HYUNDAI,Flex,Automático,Hidráulica,Outra,2016,43000,1.0,0,54990.0
HYUNDAI HB20 COMF./C.PLUS/C.STYLE 1.0 FLEX 12V,HYUNDAI,Flex,Manual,Hidráulica,Cinza,2016,38000,1.0,0,43000.0
HYUNDAI HB20 COMF./C.PLUS/C.STYLE 1.0 FLEX 12V,HYUNDAI,Flex,Manual,Hidráulica,Cinza,2017,66000,1.0,0,49900.0
HYUNDAI HB20 COMF./C.PLUS/C.STYLE 1.0 FLEX 12V,HYUNDAI,Flex,Manual,Hidráulica,Prata,2019,12920,1.0,0,45520.0
HYUNDAI HB20 COMF./C.PLUS/C.STYLE 1.0 FLEX 12V,HYUNDAI,Flex,Manual,Hidráulica,Branco,2016,79000,1.0,0,42000.0
HYUNDAI HB20 COMF./C.PLUS/C.STYLE 1.0 FLEX 12V,HYUNDAI,Flex,Manual,Hidráulica,Branco,2018,55000,1.0,0,47900.0
HYUNDAI HB20 COMF./C.PLUS/C.STYLE 1.0 FLEX 12V,HYUNDAI,Flex,Manual,Hidráulica,Preto,2019,53000,1.0,0,51000.0
HYUNDAI HB20 COMF./C.PLUS/C.STYLE 1.0 FLEX 12V,HYUNDAI,Flex,Manual,Hidráulica,Preto,2017,52000,1.0,0,45900.0
HYUNDAI HB20 COMF./C.PLUS/C.STYLE 1.0 FLEX 12V,HYUNDAI,Flex,Manual,Hidráulica,Cinza,2017,90000,1.0,0,41000.0
HYUNDAI HB20 COMF./C.PLUS/C.STYLE 1.0 FLEX 12V,HYUNDAI,Flex,Manual,Hidráulica,Branco,2019,66000,1.0,0,48500.0
HYUNDAI HB20 COMF./C.PLUS/C.STYLE 1.0 FLEX 12V,HYUNDAI,Flex,Manual,Hidráulica,Prata,2019,38000,1.0,0,54900.0
HYUNDAI HB20 COMF./C.PLUS/C.STYLE 1.0 FLEX 12V,HYUNDAI,Flex,Manual,Hidráulica,Preto,2019,25000,1.0,0,53500.0
HYUNDAI HB20 COMF./C.PLUS/C.STYLE 1.0 FLEX 12V,HYUNDAI,Flex,Manual,Hidráulica,Outra,2018,42000,1.0,0,42900.0
HYUNDAI HB20 COMF./C.PLUS/C.STYLE 1.0 FLEX 12V,HYUNDAI,Flex,Manual,Hidráulica,Branco,2016,52000,1.0,0,47900.0
HYUNDAI HB20 COMF./C.PLUS/C.STYLE 1.0 FLEX 12V,HYUNDAI,Flex,Manual,Hidráulica,Branco,2016,59000,1.0,0,44900.0
HYUNDAI HB20 COMF./C.PLUS/C.STYLE 1.0 FLEX 12V,HYUNDAI,Flex,Manual,Elétrica,Prata,2018,41259,1.0,0,48900.0
HYUNDAI HB20 COMF./C.PLUS/C.STYLE 1.0 FLEX 12V,HYUNDAI,Flex,Manual,Elétrica,Prata,2019,35303,1.0,0,55900.0
HYUNDAI HB20 COMF./C.PLUS/C.STYLE 1.0 FLEX 12V,HYUNDAI,Flex,Manual,Hidráulica,Outra,2016,62000,1.0,0,43500.0
HYUNDAI HB20 COMF./C.PLUS/C.STYLE 1.0 FLEX 12V,HYUNDAI,Flex,Manual,Hidráulica,Vermelho,2015,124500,1.0,0,35000.0
HYUNDAI HB20 COMF./C.PLUS/C.STYLE 1.0 FLEX 12V,HYUNDAI,Flex,Manual,Elétrica,Branco,2015,90000,1.0,0,40000.0
HYUNDAI HB20 COMF./C.PLUS/C.STYLE 1.0 FLEX 12V,HYUNDAI,Flex,Manual,Elétrica,Branco,2018,52000,1.0,0,47900.0
HYUNDAI HB20 COMF./C.PLUS/C.STYLE 1.0 FLEX 12V,HYUNDAI,Flex,Manual,Hidráulica,Azul,2015,72000,1.0,0,41000.0
HYUNDAI HB20 COMF./C.PLUS/C.STYLE 1.0 FLEX 12V,HYUNDAI,Flex,Manual,Hidráulica,Branco,2015,43600,1.0,0,37000.0
HYUNDAI HB20 COMF./C.PLUS/C.STYLE 1.0 FLEX 12V,HYUNDAI,Flex,Manual,Hidráulica,Prata,2017,63000,1.0,0,47900.0
HYUNDAI HB20 COMF./C.PLUS/C.STYLE 1.0 FLEX 12V,HYUNDAI,Flex,Manual,Elétrica,Prata,2018,55000,1.0,0,45500.0
HYUNDAI HB20 COMF./C.PLUS/C.STYLE 1.0 FLEX 12V,HYUNDAI,Flex,Manual,Hidráulica,Branco,2015,80000,1.0,0,41900.0
HYUNDAI HB20 COMF./C.PLUS/C.STYLE 1.0 FLEX 12V,HYUNDAI,Flex,Manual,Elétrica,Prata,2018,50000,1.0,0,46990.0
HYUNDAI HB20 COMF./C.PLUS/C.STYLE 1.0 FLEX 12V,HYUNDAI,Flex,Manual,Hidráulica,Branco,2015,70000,1.0,0,37900.0
HYUNDAI HB20 COMF./C.PLUS/C.STYLE 1.0 FLEX 12V,HYUNDAI,Flex,Manual,Elétrica,Cinza,2019,24158,1.0,0,55500.0
HYUNDAI HB20 COMF./C.PLUS/C.STYLE 1.0 FLEX 12V,HYUNDAI,Flex,Manual,Elétrica,Branco,2015,73000,1.0,0,44900.0
HYUNDAI HB20 COMF./C.PLUS/C.STYLE 1.0 FLEX 12V,HYUNDAI,Flex,Manual,Elétrica,Preto,2019,26117,1.0,0,55500.0
HYUNDAI HB20 COMF./C.PLUS/C.STYLE 1.0 FLEX 12V,HYUNDAI,Flex,Manual,Hidráulica,Branco,2015,84000,1.0,0,40378.0
HYUNDAI HB20 COMF./C.PLUS/C.STYLE 1.0 FLEX 12V,HYUNDAI,Flex,Manual,Hidráulica,Preto,2015,92300,1.0,0,39000.0
HYUNDAI HB20 COMF./C.PLUS/C.STYLE 1.0 FLEX 12V,HYUNDAI,Flex,Manual,Elétrica,Prata,2017,38500,1.0,0,46500.0
HYUNDAI HB20 COMF./C.PLUS/C.STYLE 1.0 FLEX 12V,HYUNDAI,Flex,Manual,Elétrica,Prata,2018,40000,1.0,0,47900.0
HYUNDAI HB20 COMF./C.PLUS/C.STYLE 1.0 FLEX 12V,HYUNDAI,Flex,Manual,Hidráulica,Branco,2017,48309,1.0,0,47900.0
HYUNDAI HB20 COMF./C.PLUS/C.STYLE 1.0 FLEX 12V,HYUNDAI,Flex,Manual,Hidráulica,Prata,2017,65000,1.0,0,45900.0
HYUNDAI HB20 COMF./C.PLUS/C.STYLE 1.0 FLEX 12V,HYUNDAI,Flex,Manual,Hidráulica,Preto,2017,64000,1.0,0,42500.0
HYUNDAI HB20 COMF./C.PLUS/C.STYLE 1.0 FLEX 12V,HYUNDAI,Flex,Manual,Elétrica,Prata,2017,38500,1.0,0,46500.0
HYUNDAI HB20 COMF./C.PLUS/C.STYLE 1.0 FLEX 12V,HYUNDAI,Flex,Manual,Hidráulica,Branco,2015,55416,1.0,0,42000.0
HYUNDAI HB20 COMF./C.PLUS/C.STYLE 1.0 FLEX 12V,HYUNDAI,Flex,Manual,Hidráulica,Prata,2018,62000,1.0,0,47900.0
HYUNDAI HB20 COMF./C.PLUS/C.STYLE 1.0 FLEX 12V,HYUNDAI,Flex,Manual,Hidráulica,Branco,2018,15600,1.0,0,51000.0
HYUNDAI HB20 COMF./C.PLUS/C.STYLE 1.0 FLEX 12V,HYUNDAI,Flex,Manual,Elétrica,Cinza,2018,58000,1.0,0,46890.0
HYUNDAI HB20 COMF./C.PLUS/C.STYLE 1.0 FLEX 12V,HYUNDAI,Flex,Manual,Hidráulica,Cinza,2018,57000,1.0,0,46890.0
HYUNDAI HB20 COMF./C.PLUS/C.STYLE 1.0 FLEX 12V,HYUNDAI,Flex,Manual,Hidráulica,Branco,2018,70877,1.0,0,45500.0
HYUNDAI HB20 COMF./C.PLUS/C.STYLE 1.0 FLEX 12V,HYUNDAI,Flex,Manual,Elétrica,Prata,2017,38500,1.0,0,45900.0
HYUNDAI HB20 COMF./C.PLUS/C.STYLE 1.0 FLEX 12V,HYUNDAI,Flex,Manual,Hidráulica,Prata,2017,39000,1.0,0,46000.0
HYUNDAI HB20 COMF./C.PLUS/C.STYLE 1.0 FLEX 12V,HYUNDAI,Flex,Manual,Hidráulica,Prata,2017,39000,1.0,0,46000.0
HYUNDAI HB20 COMF./C.PLUS/C.STYLE 1.0 FLEX 12V,HYUNDAI,Flex,Manual,Hidráulica,Preto,2016,133645,1.0,0,41500.0
HYUNDAI HB20 COMF./C.PLUS/C.STYLE 1.0 FLEX 12V,HYUNDAI,Flex,Manual,Elétrica,Cinza,2015,68000,1.0,0,43000.0
HYUNDAI HB20 COMF./C.PLUS/C.STYLE 1.0 FLEX 12V,HYUNDAI,Flex,Manual,Hidráulica,Branco,2015,60000,1.0,0,41000.0
HYUNDAI HB20 COMF./C.PLUS/C.STYLE 1.0 FLEX 12V,HYUNDAI,Flex,Manual,Hidráulica,Branco,2017,60000,1.0,0,44500.0
HYUNDAI HB20 COMF./C.PLUS/C.STYLE 1.0 FLEX 12V,HYUNDAI,Flex,Manual,Hidráulica,Branco,2018,38000,1.0,0,42000.0
HYUNDAI HB20 COMF./C.PLUS/C.STYLE 1.0 FLEX 12V,HYUNDAI,Flex,Manual,Hidráulica,Azul,2016,43648,1.0,0,46500.0
HYUNDAI HB20 COMF./C.PLUS/C.STYLE 1.0 FLEX 12V,HYUNDAI,Flex,Manual,Elétrica,Preto,2017,80000,1.0,0,44990.0
HYUNDAI HB20 COMF./C.PLUS/C.STYLE 1.0 FLEX 12V,HYUNDAI,Flex,Manual,Hidráulica,Branco,2015,99000,1.0,0,41890.0
HYUNDAI HB20 COMF./C.PLUS/C.STYLE 1.0 FLEX 12V,HYUNDAI,Flex,Manual,Elétrica,Prata,2017,97000,1.0,0,45800.0
HYUNDAI HB20 COMF./C.PLUS/C.STYLE 1.0 FLEX 12V,HYUNDAI,Flex,Manual,Hidráulica,Outra,2017,78000,1.0,0,42600.0
HYUNDAI HB20 COMF./C.PLUS/C.STYLE 1.0 FLEX 12V,HYUNDAI,Flex,Manual,Hidráulica,Branco,2017,44000,1.0,0,40000.0
HYUNDAI HB20 COMF./C.PLUS/C.STYLE 1.0 FLEX 12V,HYUNDAI,Flex,Manual,Hidráulica,Branco,2019,50000,1.0,0,52900.0
HYUNDAI HB20 COMF./C.PLUS/C.STYLE 1.0 FLEX 12V,HYUNDAI,Flex,Manual,Hidráulica,Preto,2015,60000,1.0,0,39900.0
HYUNDAI HB20 COMF./C.PLUS/C.STYLE 1.0 FLEX 12V,HYUNDAI,Flex,Manual,Hidráulica,Prata,2017,70000,1.0,0,47990.0
HYUNDAI HB20 COMF./C.PLUS/C.STYLE 1.0 FLEX 12V,HYUNDAI,Flex,Manual,Hidráulica,Branco,2017,59000,1.0,0,44690.0
HYUNDAI HB20 COMF./C.PLUS/C.STYLE 1.0 FLEX 12V,HYUNDAI,Flex,Manual,Hidráulica,Prata,2019,31300,1.0,0,56990.0
HYUNDAI HB20 COMF./C.PLUS/C.STYLE 1.0 FLEX 12V,HYUNDAI,Flex,Manual,Hidráulica,Prata,2017,70000,1.0,0,47990.0
HYUNDAI HB20 COMF./C.PLUS/C.STYLE 1.0 FLEX 12V,HYUNDAI,Flex,Manual,Hidráulica,Prata,2017,63000,1.0,0,44600.0
HYUNDAI HB20 COMF./C.PLUS/C.STYLE 1.0 FLEX 12V,HYUNDAI,Flex,Manual,Hidráulica,Prata,2017,72107,1.0,0,48900.0
HYUNDAI HB20 COMF./C.PLUS/C.STYLE 1.0 FLEX 12V,HYUNDAI,Flex,Manual,Hidráulica,Vermelho,2015,129000,1.0,0,45000.0
HYUNDAI HB20 COMF./C.PLUS/C.STYLE 1.0 FLEX 12V,HYUNDAI,Flex,Manual,Hidráulica,Preto,2017,80000,1.0,0,47900.0
HYUNDAI HB20 COMF./C.PLUS/C.STYLE 1.0 FLEX 12V,HYUNDAI,Flex,Manual,Hidráulica,Preto,2015,89000,1.0,0,39900.0
HYUNDAI HB20 COMF./C.PLUS/C.STYLE 1.0 FLEX 12V,HYUNDAI,Flex,Manual,Hidráulica,Vermelho,2015,90500,1.0,0,38790.0
HYUNDAI HB20 COMF./C.PLUS/C.STYLE 1.0 FLEX 12V,HYUNDAI,Flex,Manual,Hidráulica,Prata,2017,75840,1.0,0,44000.0
HYUNDAI HB20 COMF./C.PLUS/C.STYLE 1.0 FLEX 12V,HYUNDAI,Flex,Manual,Elétrica,Branco,2016,32877,1.0,0,43200.0
HYUNDAI HB20 COMF./C.PLUS/C.STYLE 1.0 FLEX 12V,HYUNDAI,Flex,Manual,Elétrica,Prata,2015,50000,1.0,0,42500.0
HYUNDAI HB20 COMF./C.PLUS/C.STYLE 1.0 FLEX 12V,HYUNDAI,Flex,Manual,Hidráulica,Prata,2019,34000,1.0,0,55900.0
HYUNDAI HB20 COMF./C.PLUS/C.STYLE 1.0 FLEX 12V,HYUNDAI,Flex,Manual,Hidráulica,Branco,2019,54400,1.0,0,54000.0
HYUNDAI HB20 COMF./C.PLUS/C.STYLE 1.0 FLEX 12V,HYUNDAI,Flex,Manual,Hidráulica,Branco,2017,60000,1.0,0,48900.0
HYUNDAI HB20 COMF./C.PLUS/C.STYLE 1.0 FLEX 12V,HYUNDAI,Flex,Manual,Elétrica,Preto,2015,74000,1.0,0,42990.0
HYUNDAI HB20 COMF./C.PLUS/C.STYLE 1.0 FLEX 12V,HYUNDAI,Flex,Manual,Hidráulica,Prata,2017,76000,1.0,0,43000.0
HYUNDAI HB20 COMF./C.PLUS/C.STYLE 1.0 FLEX 12V,HYUNDAI,Flex,Manual,Elétrica,Branco,2018,13000,1.0,0,49700.0
HYUNDAI HB20 COMF./C.PLUS/C.STYLE 1.0 FLEX 12V,HYUNDAI,Flex,Manual,Elétrica,Branco,2017,49000,1.0,0,45990.0
HYUNDAI HB20 COMF./C.PLUS/C.STYLE 1.0 FLEX 12V,HYUNDAI,Flex,Manual,Elétrica,Cinza,2017,11000,1.0,0,49700.0
HYUNDAI HB20 COMF./C.PLUS/C.STYLE 1.0 FLEX 12V,HYUNDAI,Flex,Manual,Elétrica,Prata,2019,38000,1.0,0,54990.0
HYUNDAI HB20 COMF./C.PLUS/C.STYLE 1.0 FLEX 12V,HYUNDAI,Flex,Manual,Hidráulica,Azul,2015,73000,1.0,0,44900.0
HYUNDAI HB20 COMF./C.PLUS/C.STYLE 1.0 FLEX 12V,HYUNDAI,Flex,Manual,Hidráulica,Preto,2019,54100,1.0,0,53999.0
HYUNDAI HB20 COMF./C.PLUS/C.STYLE 1.0 FLEX 12V,HYUNDAI,Flex,Manual,Elétrica,Branco,2015,52200,1.0,0,38000.0
HYUNDAI HB20 COMF./C.PLUS/C.STYLE 1.0 FLEX 12V,HYUNDAI,Flex,Manual,Elétrica,Preto,2017,68000,1.0,0,48900.0
HYUNDAI HB20 COMF./C.PLUS/C.STYLE 1.0 FLEX 12V,HYUNDAI,Flex,Manual,Hidráulica,Prata,2018,33000,1.0,0,52900.0
HYUNDAI HB20 COMF./C.PLUS/C.STYLE 1.0 FLEX 12V,HYUNDAI,Flex,Manual,Hidráulica,Preto,2015,119000,1.0,0,39000.0
HYUNDAI HB20 COMF./C.PLUS/C.STYLE 1.0 FLEX 12V,HYUNDAI,Flex,Manual,Hidráulica,Branco,2018,75250,1.0,0,47490.0
HYUNDAI HB20 COMF./C.PLUS/C.STYLE 1.0 FLEX 12V,HYUNDAI,Flex,Manual,Hidráulica,Preto,2017,75604,1.0,0,42000.0
HYUNDAI HB20 COMF./C.PLUS/C.STYLE 1.0 FLEX 12V,HYUNDAI,Flex,Manual,Hidráulica,Preto,2017,64500,1.0,0,33500.0
HYUNDAI HB20 COMF./C.PLUS/C.STYLE 1.0 FLEX 12V,HYUNDAI,Flex,Manual,Elétrica,Prata,2015,48500,1.0,0,39500.0
HYUNDAI HB20 COMF./C.PLUS/C.STYLE 1.0 FLEX 12V,HYUNDAI,Flex,Manual,Hidráulica,Prata,2017,75000,1.0,0,43990.0
HYUNDAI HB20 COMF./C.PLUS/C.STYLE 1.0 FLEX 12V,HYUNDAI,Flex,Manual,Hidráulica,Preto,2017,64500,1.0,0,43900.0
HYUNDAI HB20 COMF./C.PLUS/C.STYLE 1.0 FLEX 12V,HYUNDAI,Flex,Manual,Elétrica,Cinza,2017,85600,1.0,0,44000.0
HYUNDAI HB20 COMF./C.PLUS/C.STYLE 1.0 FLEX 12V,HYUNDAI,Flex,Manual,Hidráulica,Preto,2015,55000,1.0,0,37490.0
HYUNDAI HB20 COMF./C.PLUS/C.STYLE 1.0 FLEX 12V,HYUNDAI,Flex,Manual,Hidráulica,Prata,2017,29000,1.0,0,47500.0
HYUNDAI HB20 COMF./C.PLUS/C.STYLE 1.0 FLEX 12V,HYUNDAI,Flex,Manual,Elétrica,Prata,2017,62000,1.0,0,47900.0
HYUNDAI HB20 COMF./C.PLUS/C.STYLE 1.0 FLEX 12V,HYUNDAI,Flex,Manual,Elétrica,Branco,2015,90000,1.0,0,42990.0
HYUNDAI HB20 COMF./C.PLUS/C.STYLE 1.0 FLEX 12V,HYUNDAI,Flex,Manual,Hidráulica,Branco,2016,76900,1.0,0,47499.0
HYUNDAI HB20 COMF./C.PLUS/C.STYLE 1.0 FLEX 12V,HYUNDAI,Flex,Manual,Hidráulica,Preto,2017,55300,1.0,0,45900.0
HYUNDAI HB20 COMF./C.PLUS/C.STYLE 1.0 FLEX 12V,HYUNDAI,Flex,Manual,Elétrica,Branco,2016,65670,1.0,0,46900.0
HYUNDAI HB20 COMF./C.PLUS/C.STYLE 1.0 FLEX 12V,HYUNDAI,Flex,Manual,Elétrica,Preto,2018,42000,1.0,0,47890.0
HYUNDAI HB20 COMF./C.PLUS/C.STYLE 1.0 FLEX 12V,HYUNDAI,Flex,Manual,Elétrica,Branco,2016,41609,1.0,0,42890.0
HYUNDAI HB20 COMF./C.PLUS/C.STYLE 1.0 FLEX 12V,HYUNDAI,Flex,Manual,Hidráulica,Branco,2015,41200,1.0,0,45900.0
HYUNDAI HB20 COMF./C.PLUS/C.STYLE 1.0 FLEX 12V,HYUNDAI,Flex,Manual,Hidráulica,Branco,2015,55000,1.0,0,42990.0
HYUNDAI HB20 COMF./C.PLUS/C.STYLE 1.0 FLEX 12V,HYUNDAI,Flex,Manual,Elétrica,Branco,2015,69000,1.0,0,42900.0
HYUNDAI HB20 COMF./C.PLUS/C.STYLE 1.0 FLEX 12V,HYUNDAI,Flex,Manual,Hidráulica,Prata,2017,55400,1.0,0,47900.0
HYUNDAI HB20 COMF./C.PLUS/C.STYLE 1.0 FLEX 12V,HYUNDAI,Flex,Manual,Hidráulica,Cinza,2017,72100,1.0,0,43900.0
HYUNDAI HB20 COMF./C.PLUS/C.STYLE 1.0 FLEX 12V,HYUNDAI,Flex,Manual,Hidráulica,Cinza,2018,47800,1.0,0,49900.0
HYUNDAI HB20 COMF./C.PLUS/C.STYLE 1.0 FLEX 12V,HYUNDAI,Flex,Manual,Hidráulica,Preto,2016,62000,1.0,0,46000.0
HYUNDAI HB20 COMF./C.PLUS/C.STYLE 1.0 FLEX 12V,HYUNDAI,Flex,Manual,Elétrica,Cinza,2017,85700,1.0,0,43000.0
HYUNDAI HB20 COMF./C.PLUS/C.STYLE 1.0 FLEX 12V,HYUNDAI,Flex,Manual,Hidráulica,Outra,2019,11420,1.0,0,53281.0
HYUNDAI HB20 COMF./C.PLUS/C.STYLE 1.0 FLEX 12V,HYUNDAI,Flex,Manual,Elétrica,Cinza,2017,87566,1.0,0,42990.0
HYUNDAI HB20 COMF./C.PLUS/C.STYLE 1.0 FLEX 12V,HYUNDAI,Flex,Manual,Hidráulica,Preto,2018,51200,1.0,0,47000.0
HYUNDAI HB20 COMF./C.PLUS/C.STYLE 1.0 FLEX 12V,HYUNDAI,Flex,Manual,Hidráulica,Vermelho,2015,80000,1.0,0,41200.0
HYUNDAI HB20 COMF./C.PLUS/C.STYLE 1.0 FLEX 12V,HYUNDAI,Flex,Manual,Elétrica,Cinza,2017,24158,1.0,0,44700.0
HYUNDAI HB20 COMF./C.PLUS/C.STYLE 1.0 FLEX 12V,HYUNDAI,Flex,Manual,Elétrica,Preto,2018,54000,1.0,0,45500.0
HYUNDAI HB20 COMF./C.PLUS/C.STYLE 1.0 FLEX 12V,HYUNDAI,Flex,Manual,Elétrica,Prata,2015,51900,1.0,0,45990.0
HYUNDAI HB20 COMF./C.PLUS/C.STYLE 1.0 FLEX 12V,HYUNDAI,Flex,Manual,Hidráulica,Branco,2018,98000,1.0,0,48200.0
HYUNDAI HB20 COMF./C.PLUS/C.STYLE 1.0 FLEX 12V,HYUNDAI,Flex,Manual,Hidráulica,Branco,2015,93000,1.0,0,39900.0
HYUNDAI HB20 COMF./C.PLUS/C.STYLE 1.0 FLEX 12V,HYUNDAI,Flex,Manual,Hidráulica,Prata,2016,57500,1.0,0,49890.0
HYUNDAI HB20 COMF./C.PLUS/C.STYLE 1.0 FLEX 12V,HYUNDAI,Flex,Manual,Hidráulica,Branco,2016,69000,1.0,0,47900.0
HYUNDAI HB20 COMF./C.PLUS/C.STYLE 1.0 FLEX 12V,HYUNDAI,Flex,Manual,Hidráulica,Branco,2015,57550,1.0,0,41500.0
HYUNDAI HB20 COMF./C.PLUS/C.STYLE 1.0 FLEX 12V,HYUNDAI,Flex,Manual,Hidráulica,Preto,2015,71689,1.0,0,42000.0
HYUNDAI HB20 COMF./C.PLUS/C.STYLE 1.0 FLEX 12V,HYUNDAI,Flex,Manual,Hidráulica,Branco,2015,84300,1.0,0,39990.0
HYUNDAI HB20 COMF./C.PLUS/C.STYLE 1.0 FLEX 12V,HYUNDAI,Flex,Manual,Elétrica,Branco,2018,30300,1.0,0,48900.0
HYUNDAI HB20 COMF./C.PLUS/C.STYLE 1.0 FLEX 12V,HYUNDAI,Flex,Manual,Elétrica,Prata,2018,68000,1.0,0,47000.0
HYUNDAI HB20 COMF./C.PLUS/C.STYLE 1.0 FLEX 12V,HYUNDAI,Flex,Manual,Hidráulica,Outra,2015,89,1.0,0,38000.0
HYUNDAI HB20 COMF./C.PLUS/C.STYLE 1.0 FLEX 12V,HYUNDAI,Flex,Manual,Elétrica,Preto,2015,88000,1.0,0,44900.0
HYUNDAI HB20 COMF./C.PLUS/C.STYLE 1.0 FLEX 12V,HYUNDAI,Flex,Manual,Hidráulica,Cinza,2017,49980,1.0,0,45890.0
HYUNDAI HB20 COMF./C.PLUS/C.STYLE 1.0 FLEX 12V,HYUNDAI,Flex,Manual,Hidráulica,Prata,2019,19400,1.0,0,53300.0
HYUNDAI HB20 COMF./C.PLUS/C.STYLE 1.0 FLEX 12V,HYUNDAI,Flex,Manual,Hidráulica,Vermelho,2015,54200,1.0,0,39000.0
HYUNDAI HB20 COMF./C.PLUS/C.STYLE 1.0 FLEX 12V,HYUNDAI,Flex,Manual,Hidráulica,Branco,2016,68000,1.0,0,44900.0
HYUNDAI HB20 COMF./C.PLUS/C.STYLE 1.0 FLEX 12V,HYUNDAI,Flex,Manual,Hidráulica,Outra,2016,37800,1.0,0,47300.0
HYUNDAI HB20 COMF./C.PLUS/C.STYLE 1.0 FLEX 12V,HYUNDAI,Flex,Manual,Elétrica,Branco,2016,98000,1.0,0,44000.0
HYUNDAI HB20 COMF./C.PLUS/C.STYLE 1.0 FLEX 12V,HYUNDAI,Flex,Manual,Hidráulica,Cinza,2016,79000,1.0,0,43000.0
HYUNDAI HB20 COMF./C.PLUS/C.STYLE 1.0 FLEX 12V,HYUNDAI,Flex,Manual,Hidráulica,Prata,2015,53000,1.0,0,40100.0
HYUNDAI HB20 COMF./C.PLUS/C.STYLE 1.0 FLEX 12V,HYUNDAI,Flex,Manual,Elétrica,Cinza,2018,56000,1.0,0,40500.0
HYUNDAI HB20 COMF./C.PLUS/C.STYLE 1.0 FLEX 12V,HYUNDAI,Flex,Manual,Hidráulica,Branco,2015,99000,1.0,0,35000.0
HYUNDAI HB20 COMF./C.PLUS/C.STYLE 1.0 FLEX 12V,HYUNDAI,Flex,Manual,Hidráulica,Cinza,2017,60300,1.0,0,46990.0
HYUNDAI HB20 COMF./C.PLUS/C.STYLE 1.0 FLEX 12V,HYUNDAI,Flex,Manual,Hidráulica,Branco,2017,29958,1.0,0,44000.0
HYUNDAI HB20 COMF./C.PLUS/C.STYLE 1.0 FLEX 12V,HYUNDAI,Flex,Manual,Hidráulica,Prata,2017,75840,1.0,0,44000.0
HYUNDAI HB20 COMF./C.PLUS/C.STYLE 1.0 FLEX 12V,HYUNDAI,Flex,Manual,Hidráulica,Vermelho,2015,31000,1.0,0,43900.0
HYUNDAI HB20 COMF./C.PLUS/C.STYLE 1.0 FLEX 12V,HYUNDAI,Flex,Manual,Hidráulica,Branco,2017,77120,1.0,0,44900.0
HYUNDAI HB20 COMF./C.PLUS/C.STYLE 1.0 FLEX 12V,HYUNDAI,Flex,Manual,Elétrica,Branco,2016,98000,1.0,0,44000.0
HYUNDAI HB20 COMF./C.PLUS/C.STYLE 1.0 FLEX 12V,HYUNDAI,Flex,Manual,Hidráulica,Prata,2015,120,1.0,0,41850.0
HYUNDAI HB20 COMF./C.PLUS/C.STYLE 1.0 FLEX 12V,HYUNDAI,Flex,Manual,Hidráulica,Cinza,2018,107000,1.0,0,40500.0
HYUNDAI HB20 COMF./C.PLUS/C.STYLE 1.0 FLEX 12V,HYUNDAI,Flex,Manual,Elétrica,Vermelho,2015,69500,1.0,0,42900.0
HYUNDAI HB20 COMF./C.PLUS/C.STYLE 1.0 FLEX 12V,HYUNDAI,Flex,Manual,Hidráulica,Prata,2017,75447,1.0,0,44990.0
HYUNDAI HB20 COMF./C.PLUS/C.STYLE 1.0 FLEX 12V,HYUNDAI,Flex,Manual,Hidráulica,Preto,2017,180,1.0,0,42500.0
HYUNDAI HB20 COMF./C.PLUS/C.STYLE 1.0 FLEX 12V,HYUNDAI,Flex,Manual,Hidráulica,Preto,2017,180,1.0,0,42500.0
HYUNDAI HB20 COMF./C.PLUS/C.STYLE 1.0 FLEX 12V,HYUNDAI,Flex,Manual,Hidráulica,Prata,2017,75447,1.0,0,44990.0
HYUNDAI HB20 COMF./C.PLUS/C.STYLE 1.0 FLEX 12V,HYUNDAI,Flex,Manual,Elétrica,Preto,2017,72000,1.0,0,48990.0
HYUNDAI HB20 COMF./C.PLUS/C.STYLE 1.0 FLEX 12V,HYUNDAI,Flex,Manual,Hidráulica,Vermelho,2015,54200,1.0,0,39000.0
HYUNDAI HB20 COMF./C.PLUS/C.STYLE 1.0 FLEX 12V,HYUNDAI,Flex,Manual,Hidráulica,Cinza,2018,108000,1.0,0,42800.0
HYUNDAI HB20 COMF./C.PLUS/C.STYLE 1.0 FLEX 12V,HYUNDAI,Flex,Manual,Hidráulica,Branco,2015,89600,1.0,0,38900.0
HYUNDAI HB20 COMF./C.PLUS/C.STYLE 1.0 FLEX 12V,HYUNDAI,Flex,Manual,Hidráulica,Prata,2017,75447,1.0,0,44990.0
HYUNDAI HB20 COMF./C.PLUS/C.STYLE 1.0 FLEX 12V,HYUNDAI,Flex,Manual,Hidráulica,Vermelho,2015,77000,1.0,0,39900.0
HYUNDAI HB20 COMF./C.PLUS/C.STYLE 1.0 FLEX 12V,HYUNDAI,Flex,Manual,Elétrica,Prata,2016,21800,1.0,0,56900.0
HYUNDAI HB20 COMF./C.PLUS/C.STYLE 1.0 FLEX 12V,HYUNDAI,Flex,Manual,Hidráulica,Prata,2016,60000,1.0,0,41000.0
HYUNDAI HB20 COMF./C.PLUS/C.STYLE 1.0 FLEX 12V,HYUNDAI,Flex,Manual,Hidráulica,Branco,2018,39000,1.0,0,49800.0
HYUNDAI HB20 COMF./C.PLUS/C.STYLE 1.0 FLEX 12V,HYUNDAI,Flex,Manual,Hidráulica,Cinza,2017,64273,1.0,0,45990.0
HYUNDAI HB20 COMF./C.PLUS/C.STYLE 1.0 FLEX 12V,HYUNDAI,Flex,Manual,Hidráulica,Branco,2018,74000,1.0,0,49900.0
HYUNDAI HB20 COMF./C.PLUS/C.STYLE 1.0 FLEX 12V,HYUNDAI,Flex,Manual,Hidráulica,Branco,2015,88300,1.0,0,40500.0
HYUNDAI HB20 COMF./C.PLUS/C.STYLE 1.0 FLEX 12V,HYUNDAI,Flex,Manual,Elétrica,Prata,2019,20000,1.0,0,54900.0
HYUNDAI HB20 COMF./C.PLUS/C.STYLE 1.0 FLEX 12V,HYUNDAI,Flex,Manual,Hidráulica,Branco,2017,45000,1.0,0,43900.0
HYUNDAI HB20 COMF./C.PLUS/C.STYLE 1.0 FLEX 12V,HYUNDAI,Flex,Manual,Hidráulica,Cinza,2017,64273,1.0,0,45990.0
HYUNDAI HB20 COMF./C.PLUS/C.STYLE 1.0 FLEX 12V,HYUNDAI,Flex,Manual,Elétrica,Prata,2016,73300,1.0,0,43500.0
HYUNDAI HB20 COMF./C.PLUS/C.STYLE 1.0 FLEX 12V,HYUNDAI,Flex,Manual,Hidráulica,Prata,2016,79000,1.0,0,43000.0
HYUNDAI HB20 COMF./C.PLUS/C.STYLE 1.0 FLEX 12V,HYUNDAI,Flex,Manual,Hidráulica,Cinza,2015,69100,1.0,0,43999.0
HYUNDAI HB20 COMF./C.PLUS/C.STYLE 1.0 FLEX 12V,HYUNDAI,Flex,Manual,Elétrica,Preto,2015,66000,1.0,0,43990.0
HYUNDAI HB20 COMF./C.PLUS/C.STYLE 1.0 FLEX 12V,HYUNDAI,Flex,Manual,Hidráulica,Branco,2017,54700,1.0,0,36000.0
HYUNDAI HB20 COMF./C.PLUS/C.STYLE 1.0 FLEX 12V,HYUNDAI,Flex,Manual,Hidráulica,Preto,2017,122000,1.0,0,44900.0
HYUNDAI HB20 COMF./C.PLUS/C.STYLE 1.0 FLEX 12V,HYUNDAI,Flex,Manual,Hidráulica,Prata,2016,88200,1.0,0,43500.0
HYUNDAI HB20 COMF./C.PLUS/C.STYLE 1.0 FLEX 12V,HYUNDAI,Flex,Manual,Hidráulica,Azul,2015,85364,1.0,0,39900.0
HYUNDAI HB20 COMF./C.PLUS/C.STYLE 1.0 FLEX 12V,HYUNDAI,Flex,Manual,Elétrica,Branco,2016,97000,1.0,0,43900.0
HYUNDAI HB20 COMF./C.PLUS/C.STYLE 1.0 FLEX 12V,HYUNDAI,Flex,Manual,Hidráulica,Branco,2015,75000,1.0,0,39500.0
HYUNDAI HB20 COMF./C.PLUS/C.STYLE 1.0 FLEX 12V,HYUNDAI,Flex,Manual,Elétrica,Cinza,2017,76000,1.0,0,43990.0
HYUNDAI HB20 COMF./C.PLUS/C.STYLE 1.0 FLEX 12V,HYUNDAI,Flex,Manual,Elétrica,Prata,2017,50600,1.0,0,48000.0
HYUNDAI HB20 COMF./C.PLUS/C.STYLE 1.0 FLEX 12V,HYUNDAI,Flex,Manual,Elétrica,Cinza,2017,60000,1.0,0,44999.0
HYUNDAI HB20 COMF./C.PLUS/C.STYLE 1.0 FLEX 12V,HYUNDAI,Flex,Manual,Hidráulica,Branco,2019,30200,1.0,0,54900.0
HYUNDAI HB20 COMF./C.PLUS/C.STYLE 1.0 FLEX 12V,HYUNDAI,Flex,Manual,Elétrica,Branco,2018,39000,1.0,0,48900.0
HYUNDAI HB20 COMF./C.PLUS/C.STYLE 1.0 FLEX 12V,HYUNDAI,Flex,Manual,Hidráulica,Preto,2015,61000,1.0,0,42900.0
HYUNDAI HB20 COMF./C.PLUS/C.STYLE 1.0 FLEX 12V,HYUNDAI,Flex,Manual,Hidráulica,Branco,2015,90500,1.0,0,39700.0
HYUNDAI HB20 COMF./C.PLUS/C.STYLE 1.0 FLEX 12V,HYUNDAI,Flex,Manual,Elétrica,Branco,2015,85000,1.0,0,35000.0
HYUNDAI HB20 COMF./C.PLUS/C.STYLE 1.0 FLEX 12V,HYUNDAI,Flex,Manual,Mecânica,Branco,2015,55000,1.0,0,44500.0
HYUNDAI HB20 COMF./C.PLUS/C.STYLE 1.0 FLEX 12V,HYUNDAI,Flex,Manual,Hidráulica,Prata,2016,59900,1.0,0,41900.0
HYUNDAI HB20 COMF./C.PLUS/C.STYLE 1.0 FLEX 12V,HYUNDAI,Flex,Manual,Hidráulica,Cinza,2018,41656,1.0,0,46000.0
HYUNDAI HB20 COMF./C.PLUS/C.STYLE 1.0 FLEX 12V,HYUNDAI,Flex,Manual,Hidráulica,Branco,2015,57600,1.0,0,42900.0
HYUNDAI HB20 COMF./C.PLUS/C.STYLE 1.0 FLEX 12V,HYUNDAI,Flex,Manual,Elétrica,Branco,2017,50000,1.0,0,45300.0
HYUNDAI HB20 COMF./C.PLUS/C.STYLE 1.0 FLEX 12V,HYUNDAI,Flex,Manual,Elétrica,Branco,2016,74000,1.0,0,44900.0
HYUNDAI HB20 COMF./C.PLUS/C.STYLE 1.0 FLEX 12V,HYUNDAI,Flex,Manual,Elétrica,Prata,2017,50500,1.0,0,47500.0
HYUNDAI HB20 COMF./C.PLUS/C.STYLE 1.0 FLEX 12V,HYUNDAI,Flex,Manual,Elétrica,Cinza,2015,98000,1.0,0,34900.0
HYUNDAI HB20 COMF./C.PLUS/C.STYLE 1.0 FLEX 12V,HYUNDAI,Flex,Manual,Hidráulica,Preto,2018,60500,1.0,0,48500.0
HYUNDAI HB20 COMF./C.PLUS/C.STYLE 1.0 FLEX 12V,HYUNDAI,Flex,Manual,Hidráulica,Prata,2016,80000,1.0,0,45900.0
HYUNDAI HB20 COMF./C.PLUS/C.STYLE 1.0 FLEX 12V,HYUNDAI,Flex,Manual,Hidráulica,Cinza,2015,69100,1.0,0,43999.0
HYUNDAI HB20 COMF./C.PLUS/C.STYLE 1.0 FLEX 12V,HYUNDAI,Flex,Manual,Hidráulica,Branco,2015,105000,1.0,0,42900.0
HYUNDAI HB20 COMF./C.PLUS/C.STYLE 1.0 FLEX 12V,HYUNDAI,Flex,Manual,Hidráulica,Branco,2019,29900,1.0,0,56900.0
HYUNDAI HB20 COMF./C.PLUS/C.STYLE 1.0 FLEX 12V,HYUNDAI,Flex,Manual,Hidráulica,Preto,2018,60000,1.0,0,49990.0
HYUNDAI HB20 COMF./C.PLUS/C.STYLE 1.0 FLEX 12V,HYUNDAI,Flex,Manual,Hidráulica,Preto,2017,53000,1.0,0,46000.0
HYUNDAI HB20 COMF./C.PLUS/C.STYLE 1.0 FLEX 12V,HYUNDAI,Flex,Manual,Hidráulica,Cinza,2015,78000,1.0,0,41900.0
HYUNDAI HB20 COMF./C.PLUS/C.STYLE 1.0 FLEX 12V,HYUNDAI,Flex,Manual,Hidráulica,Cinza,2015,80000,1.0,0,43900.0
HYUNDAI HB20 COMF./C.PLUS/C.STYLE 1.0 FLEX 12V,HYUNDAI,Flex,Manual,Hidráulica,Prata,2018,42000,1.0,0,44800.0
HYUNDAI HB20 COMF./C.PLUS/C.STYLE 1.0 FLEX 12V,HYUNDAI,Flex,Manual,Hidráulica,Prata,2018,45000,1.0,0,46900.0
HYUNDAI HB20 COMF./C.PLUS/C.STYLE 1.0 FLEX 12V,HYUNDAI,Flex,Manual,Elétrica,Preto,2016,69000,1.0,0,43900.0
HYUNDAI HB20 COMF./C.PLUS/C.STYLE 1.0 FLEX 12V,HYUNDAI,Flex,Manual,Hidráulica,Prata,2017,55589,1.0,0,44990.0
HYUNDAI HB20 COMF./C.PLUS/C.STYLE 1.0 FLEX 12V,HYUNDAI,Flex,Manual,Elétrica,Branco,2015,81000,1.0,0,44900.0
HYUNDAI HB20 COMF./C.PLUS/C.STYLE 1.0 FLEX 12V,HYUNDAI,Flex,Manual,Elétrica,Branco,2015,36000,1.0,0,42500.0
HYUNDAI HB20 COMF./C.PLUS/C.STYLE 1.0 FLEX 12V,HYUNDAI,Flex,Manual,Elétrica,Branco,2017,68750,1.0,0,40000.0
HYUNDAI HB20 COMF./C.PLUS/C.STYLE 1.0 FLEX 12V,HYUNDAI,Flex,Manual,Elétrica,Prata,2018,57000,1.0,0,47900.0
